R,R2,MAE,MSE,RMSE,EVS,Error_Variance,Model,Session,N_Windows
-0.2048269893586288,-1.9366774100217627,0.4242078425705605,0.24624293220353877,0.4962287095720468,-1.383299870113726,0.20060450324404577,Linear Regression,18,263
0.08443034368958982,-0.36822019385355365,0.25791175622666157,0.11563324937653974,0.3400488926265453,-0.24351212932253996,0.10562991112780201,Linear Regression,19,197
0.41588469481603485,-0.772501366325282,0.26377358756692665,0.14954094386016872,0.38670524157317643,-0.15246440093484281,0.09757618773191681,Linear Regression,20,282
-0.14056567247323234,-0.8239763653922016,0.36576385594334515,0.15289016495020094,0.39101171970952603,-0.6214877718135339,0.13622319478229689,Linear Regression,21,445
-0.25184252423983866,-2.1738755940850383,0.45244453912570054,0.2650437959434673,0.5148240436726584,-1.793978632263714,0.23384606558047127,Linear Regression,22,444
-0.28635095833764845,-1.681456401110161,0.417404248990548,0.22484243060950343,0.4741755272148737,-1.0968409794287042,0.17649299961568904,Ridge,18,263
0.10045106695673878,-0.32168511349838314,0.2539223847624907,0.11170040101219035,0.33421609927140006,-0.2050358481984358,0.10236155044210318,Ridge,19,197
0.4743070235542647,-0.4659349754642368,0.25675470119500354,0.12367680162810404,0.3516771269617972,0.09074923407818447,0.07698391669105646,Ridge,20,282
-0.1549718915525156,-0.8583589161488636,0.36933233738588744,0.15577219454024138,0.394679863357939,-0.6297562638978127,0.1369178410370095,Ridge,21,445
-0.255608833206615,-2.210887134338953,0.45419329836825983,0.2681345532311485,0.5178171040349561,-1.8118778653010903,0.23534416766842714,Ridge,22,444
0.5006667409502666,-1.2301665035148113,0.33862892046536774,0.18700138369080557,0.4324365660889532,-0.1290963055698071,0.09503705611443275,Decision Tree,18,263
0.2267477193197309,-0.49933542569627587,0.28422732437794956,0.1267142730077076,0.35596948325342104,-0.08745128386499568,0.09237335106096066,Decision Tree,19,197
-0.09689204299346582,-1.4025332593214004,0.3510651133586238,0.20269495870641646,0.4502165686715855,-0.8272106968065116,0.1547052159118613,Decision Tree,20,282
-0.12653133137176106,-1.4788873898591084,0.42200710245915757,0.20778641056954594,0.45583594699139945,-1.1681130241433815,0.18214585884147058,Decision Tree,21,445
-0.13180370525351298,-1.4546699521891107,0.39119354166644016,0.20498441814450638,0.45275204929906876,-1.1940193438919917,0.18363160886484656,Decision Tree,22,444
0.5144743492840513,-1.0315372634449345,0.32359481318968464,0.17034615069543046,0.41273011847384056,0.10801236066996167,0.07507940546276827,Random Forest,18,263
0.3433369390610396,-0.21635550924603297,0.2637511399221416,0.10279861426035128,0.3206222298287367,0.11191014408662114,0.07543863090803896,Random Forest,19,197
-0.06704330493712791,-1.060812027151953,0.3203564497498977,0.17386490160941043,0.4169711040460843,-0.42085304767653064,0.12029996207005593,Random Forest,20,282
-0.39562369122171204,-0.9965616702603286,0.3778016793901996,0.16735668777907262,0.40909251738338187,-0.94665250959223,0.1635406868909303,Random Forest,21,445
-0.2135097626686021,-0.9043946690821791,0.3518276155296061,0.1590320657207587,0.3987882467184291,-0.7620893555929791,0.14748060641852234,Random Forest,22,444
0.46993945202965814,-0.0018865956679234852,0.2294032855769378,0.08400905465842859,0.28984315527268983,0.14915473325725326,0.07161641479229035,Extra Trees,18,263
-0.20175975918933775,-0.3660724064245682,0.30864265928104423,0.11545173207362361,0.33978188897235767,-0.35349913730954574,0.11497273747016319,Extra Trees,19,197
0.316450170292858,-0.5688990515312442,0.2928558888490912,0.13236359048552085,0.36381807333545274,0.05445417104972561,0.08005692604469365,Extra Trees,20,282
-0.3822202381966626,-0.8098712580299743,0.3578467253975639,0.1517078403147677,0.3894969066818987,-0.7372184306937721,0.14594587068585538,Extra Trees,21,445
-0.1265639474581593,-0.8143478661771488,0.33595308920709194,0.15151244318136217,0.38924599314747244,-0.544656503535982,0.12928225071374963,Extra Trees,22,444
0.46644064267630525,0.21461634566030796,0.22194105461456626,0.06585509640566994,0.25662247837177077,0.21577837698316615,0.06600864250918807,Gradient Boosting,18,263
0.45274013188857387,-0.0016893866944969194,0.2562445327876025,0.08465640192259545,0.2909577321924878,0.19202536652108892,0.06863325794368574,Gradient Boosting,19,197
0.18306428276802594,-0.6353170339825613,0.2963692850562316,0.13796708844256295,0.37143921231146687,-0.10782578342529026,0.09379675114483253,Gradient Boosting,20,282
-0.39247925355913743,-1.1396819826621454,0.39473060097173834,0.17935338279443427,0.42350133741752727,-0.932208558407305,0.16232723267320937,Gradient Boosting,21,445
-0.2698520139493688,-1.2571423613338353,0.3722246887705627,0.18848929698052055,0.4341535407900304,-0.850611444098617,0.1548895901075772,Gradient Boosting,22,444
0.5491833592621372,-0.07904828485627124,0.22382087553183258,0.09047912880912533,0.3007974880365947,0.23356794228281208,0.06451127872605125,HistGradientBoosting,18,263
0.19188145424471986,-0.08122607306180885,0.25753139717288887,0.09137833566587085,0.30228849740913205,0.003830538120576099,0.08461943333345706,HistGradientBoosting,19,197
0.015536545971119392,-1.1043684233402153,0.3254238114628228,0.1775396319768368,0.4213545205368477,-0.2824749361350585,0.1085838443497983,HistGradientBoosting,20,282
-0.34774171742985527,-1.3616746872908498,0.41217572259200813,0.19796135484517174,0.4449284828432225,-1.116227160672723,0.17778686322714904,HistGradientBoosting,21,445
-0.11601288870495091,-1.0001557856174395,0.34740916054270327,0.16702887878979988,0.40869166714015576,-0.5847931146286773,0.13264154218483573,HistGradientBoosting,22,444
0.5018990593323157,-0.2269914487944802,0.245364531637295,0.10288429063019965,0.3207558115298921,0.14296581137297948,0.07213734193863039,XGBoost,18,263
0.30051024730013515,-0.1359252017237782,0.2629748016946004,0.0960011573532446,0.30984053536173184,0.08342410788579391,0.0778583720599938,XGBoost,19,197
0.0776223413607761,-1.1578450767458932,0.3403387009179801,0.1820513064819726,0.4266747080411172,-0.2608377643697877,0.10675188083539977,XGBoost,20,282
-0.3244635350967738,-0.9600380721949815,0.3734563091749214,0.16429519036126752,0.40533343109256054,-0.8413047499078536,0.1546902912007347,XGBoost,21,445
-0.20483120114639958,-1.1513422966133198,0.3647044320427229,0.1796541520816942,0.42385628706165746,-0.8129973028107329,0.15174142037972457,XGBoost,22,444
